instance,patients,caregivers,tasks,assigned,invalid_service,window_violations,overlaps,route_violations,sync_total,sync_ok
"InstanzCPLEX_HCSRP_10_1","10","3","13","11","0","0","0","0","3","2"
"InstanzCPLEX_HCSRP_10_10","10","3","13","12","0","0","0","0","3","3"
"InstanzCPLEX_HCSRP_10_2","10","3","13","13","0","0","0","0","3","3"
"InstanzCPLEX_HCSRP_10_3","10","3","13","10","0","0","0","0","3","3"
"InstanzCPLEX_HCSRP_10_4","10","3","13","11","0","0","0","0","3","2"
"InstanzCPLEX_HCSRP_10_5","10","3","13","10","0","0","0","0","3","2"
"InstanzCPLEX_HCSRP_10_6","10","3","13","13","0","0","0","0","3","3"
"InstanzCPLEX_HCSRP_10_7","10","3","13","10","0","0","0","0","3","2"
"InstanzCPLEX_HCSRP_10_8","10","3","13","11","0","0","0","0","3","2"
"InstanzCPLEX_HCSRP_10_9","10","3","13","12","0","0","0","0","3","3"
"InstanzCPLEX_HCSRP_25_1","25","5","33","28","0","0","0","0","8","6"
"InstanzCPLEX_HCSRP_25_10","25","5","33","29","0","0","0","0","8","6"
"InstanzCPLEX_HCSRP_25_2","25","5","33","25","0","0","0","0","8","5"
"InstanzCPLEX_HCSRP_25_3","25","5","33","27","0","0","0","0","8","5"
"InstanzCPLEX_HCSRP_25_4","25","5","33","28","0","0","0","0","8","7"
"InstanzCPLEX_HCSRP_25_5","25","5","33","30","0","0","0","0","8","7"
"InstanzCPLEX_HCSRP_25_6","25","5","33","28","0","0","0","0","8","6"
"InstanzCPLEX_HCSRP_25_7","25","5","33","31","0","0","0","0","8","7"
"InstanzCPLEX_HCSRP_25_8","25","5","33","31","0","0","0","0","8","7"
"InstanzCPLEX_HCSRP_25_9","25","5","33","28","0","0","0","0","8","6"
"InstanzCPLEX_HCSRP_50_1","50","10","65","53","0","0","0","0","15","10"
"InstanzCPLEX_HCSRP_50_10","50","10","65","60","0","0","0","0","15","14"
"InstanzCPLEX_HCSRP_50_2","50","10","65","62","0","0","0","0","15","14"
"InstanzCPLEX_HCSRP_50_3","50","10","65","60","0","0","0","0","15","13"
"InstanzCPLEX_HCSRP_50_4","50","10","65","62","0","0","0","0","15","14"
"InstanzCPLEX_HCSRP_50_5","50","10","65","57","0","0","0","0","15","12"
"InstanzCPLEX_HCSRP_50_6","50","10","65","53","0","0","0","0","15","12"
"InstanzCPLEX_HCSRP_50_7","50","10","65","65","0","0","0","0","15","15"
"InstanzCPLEX_HCSRP_50_8","50","10","65","64","0","0","0","0","15","15"
"InstanzCPLEX_HCSRP_50_9","50","10","65","60","0","0","0","0","15","13"
"InstanzCPLEX_HCSRP_75_1","75","15","98","88","0","0","0","0","23","19"
"InstanzCPLEX_HCSRP_75_10","75","15","98","82","0","0","0","0","23","17"
"InstanzCPLEX_HCSRP_75_2","75","15","98","94","0","0","0","0","23","21"
"InstanzCPLEX_HCSRP_75_3","75","15","98","96","0","0","0","0","23","22"
"InstanzCPLEX_HCSRP_75_4","75","15","98","88","0","0","0","0","23","19"
"InstanzCPLEX_HCSRP_75_5","75","15","98","94","0","0","0","0","23","21"
"InstanzCPLEX_HCSRP_75_6","75","15","98","96","0","0","0","0","23","22"
"InstanzCPLEX_HCSRP_75_7","75","15","98","96","0","0","0","0","23","22"
"InstanzCPLEX_HCSRP_75_8","75","15","98","97","0","0","0","0","23","23"
"InstanzCPLEX_HCSRP_75_9","75","15","98","96","0","0","0","0","23","22"
"InstanzVNS_HCSRP_100_1","100","20","130","121","0","0","0","0","30","28"
"InstanzVNS_HCSRP_100_10","100","20","130","129","0","0","0","0","30","30"
"InstanzVNS_HCSRP_100_2","100","20","130","130","0","0","0","0","30","30"
"InstanzVNS_HCSRP_100_3","100","20","130","128","0","0","0","0","30","29"
"InstanzVNS_HCSRP_100_4","100","20","130","130","0","0","0","0","30","30"
"InstanzVNS_HCSRP_100_5","100","20","130","130","0","0","0","0","30","30"
"InstanzVNS_HCSRP_100_6","100","20","130","130","0","0","0","0","30","30"
"InstanzVNS_HCSRP_100_7","100","20","130","130","0","0","0","0","30","30"
"InstanzVNS_HCSRP_100_8","100","20","130","130","0","0","0","0","30","30"
"InstanzVNS_HCSRP_100_9","100","20","130","130","0","0","0","0","30","30"
"InstanzVNS_HCSRP_200_1","200","30","260","258","0","0","0","0","60","59"
"InstanzVNS_HCSRP_200_10","200","30","260","254","0","0","0","0","60","57"
"InstanzVNS_HCSRP_200_2","200","30","260","260","0","0","0","0","60","60"
"InstanzVNS_HCSRP_200_3","200","30","260","260","0","0","0","0","60","60"
"InstanzVNS_HCSRP_200_4","200","30","260","258","0","0","0","0","60","59"
"InstanzVNS_HCSRP_200_5","200","30","260","260","0","0","0","0","60","60"
"InstanzVNS_HCSRP_200_6","200","30","260","260","0","0","0","0","60","60"
"InstanzVNS_HCSRP_200_7","200","30","260","260","0","0","0","0","60","60"
"InstanzVNS_HCSRP_200_8","200","30","260","260","0","0","0","0","60","60"
"InstanzVNS_HCSRP_200_9","200","30","260","258","0","0","0","0","60","59"
"InstanzVNS_HCSRP_300_1","300","40","400","400","0","0","0","0","100","100"
"InstanzVNS_HCSRP_300_10","300","40","400","400","0","0","0","0","100","100"
"InstanzVNS_HCSRP_300_2","300","40","400","398","0","0","0","0","100","99"
"InstanzVNS_HCSRP_300_3","300","40","400","400","0","0","0","0","100","100"
"InstanzVNS_HCSRP_300_4","300","40","400","400","0","0","0","0","100","100"
"InstanzVNS_HCSRP_300_5","300","40","400","400","0","0","0","0","100","100"
"InstanzVNS_HCSRP_300_6","300","40","400","400","0","0","0","0","100","100"
"InstanzVNS_HCSRP_300_7","300","40","400","400","0","0","0","0","100","100"
"InstanzVNS_HCSRP_300_8","300","40","400","400","0","0","0","0","100","100"
"InstanzVNS_HCSRP_300_9","300","40","400","400","0","0","0","0","100","100"
"HHCRSP_100_20_10_1.2_R_C","100","20","130","130","0","0","0","0","30","30"
"HHCRSP_100_20_11_1.2_R_C","100","20","130","130","0","0","0","0","30","30"
"HHCRSP_100_20_23_1.2_R_C","100","20","130","130","0","0","0","0","30","30"
"HHCRSP_100_20_25_0.8_R_C","100","20","130","130","0","0","0","0","30","30"
"HHCRSP_100_20_30_1.0_R_C","100","20","130","130","0","0","0","0","30","30"
"HHCRSP_100_20_35_1.6_C_RC","100","20","130","130","0","0","0","0","30","30"
"HHCRSP_100_20_39_1.6_R_C","100","20","130","130","0","0","0","0","30","30"
"HHCRSP_100_20_49_0.4_C_C","100","20","130","128","0","0","0","0","30","29"
"HHCRSP_100_20_54_1.2_R_RC","100","20","130","130","0","0","0","0","30","30"
"HHCRSP_100_20_57_1.6_R_C","100","20","130","130","0","0","0","0","30","30"
"HHCRSP_100_20_61_0.4_R_RC","100","20","130","130","0","0","0","0","30","30"
"HHCRSP_100_20_63_1.2_R_C","100","20","130","130","0","0","0","0","30","30"
"HHCRSP_100_20_65_0.4_R_RC","100","20","130","126","0","0","0","0","30","28"
"HHCRSP_100_20_68_1.6_R_C","100","20","130","130","0","0","0","0","30","30"
"HHCRSP_100_20_76_1.6_R_C","100","20","130","130","0","0","0","0","30","30"
"HHCRSP_100_20_77_1.0_R_C","100","20","130","130","0","0","0","0","30","30"
"HHCRSP_100_20_88_1.2_C_C","100","20","130","130","0","0","0","0","30","30"
"HHCRSP_100_20_8_1.2_R_C","100","20","130","130","0","0","0","0","30","30"
"HHCRSP_100_20_99_0.4_C_RC","100","20","130","130","0","0","0","0","30","30"
"HHCRSP_100_20_9_1.0_R_R","100","20","130","130","0","0","0","0","30","30"
"HHCRSP_10_3_11_0.4_R_C","10","3","14","12","0","0","0","0","4","3"
"HHCRSP_10_3_16_1.6_C_C","10","3","14","12","0","0","0","0","4","4"
"HHCRSP_10_3_22_1.6_R_C","10","3","14","14","0","0","0","0","4","4"
"HHCRSP_10_3_35_1.0_R_R","10","3","14","9","0","0","0","0","4","3"
"HHCRSP_10_3_40_0.8_R_C","10","3","14","12","0","0","0","0","4","3"
"HHCRSP_10_3_40_1.0_R_C","10","3","14","12","0","0","0","0","4","3"
"HHCRSP_10_3_46_1.6_R_C","10","3","14","11","0","0","0","0","4","3"
"HHCRSP_10_3_51_1.0_R_RC","10","3","14","14","0","0","0","0","4","4"
"HHCRSP_10_3_60_1.0_R_RC","10","3","14","12","0","0","0","0","4","3"
"HHCRSP_10_3_81_1.2_R_C","10","3","14","9","0","0","0","0","4","2"
"HHCRSP_10_3_86_1.2_C_C","10","3","14","8","0","0","0","0","4","2"
"HHCRSP_10_3_88_1.0_R_C","10","3","14","14","0","0","0","0","4","4"
"HHCRSP_10_3_88_1.2_R_C","10","3","14","14","0","0","0","0","4","4"
"HHCRSP_10_3_88_1.6_C_C","10","3","14","10","0","0","0","0","4","2"
"HHCRSP_10_3_88_1.6_R_C","10","3","14","11","0","0","0","0","4","3"
"HHCRSP_10_3_90_1.2_C_C","10","3","14","14","0","0","0","0","4","4"
"HHCRSP_10_3_90_1.2_C_RC","10","3","14","12","0","0","0","0","4","3"
"HHCRSP_10_3_96_1.0_R_C","10","3","14","13","0","0","0","0","4","4"
"HHCRSP_200_40_100_0.4_C_C","200","40","260","260","0","0","0","0","60","60"
"HHCRSP_200_40_10_1.6_C_RC","200","40","260","260","0","0","0","0","60","60"
"HHCRSP_200_40_17_1.6_C_C","200","40","260","260","0","0","0","0","60","60"
"HHCRSP_200_40_17_1.6_R_C","200","40","260","260","0","0","0","0","60","60"
"HHCRSP_200_40_30_1.6_R_C","200","40","260","260","0","0","0","0","60","60"
"HHCRSP_200_40_40_1.0_R_C","200","40","260","260","0","0","0","0","60","60"
"HHCRSP_200_40_51_1.0_R_C","200","40","260","260","0","0","0","0","60","60"
"HHCRSP_200_40_52_1.6_R_C","200","40","260","260","0","0","0","0","60","60"
"HHCRSP_200_40_60_0.4_C_RC","200","40","260","260","0","0","0","0","60","60"
"HHCRSP_200_40_69_1.0_C_R","200","40","260","260","0","0","0","0","60","60"
"HHCRSP_200_40_71_1.6_C_C","200","40","260","260","0","0","0","0","60","60"
"HHCRSP_200_40_71_1.6_R_C","200","40","260","260","0","0","0","0","60","60"
"HHCRSP_200_40_75_1.6_R_C","200","40","260","260","0","0","0","0","60","60"
"HHCRSP_200_40_76_1.2_R_C","200","40","260","260","0","0","0","0","60","60"
"HHCRSP_200_40_7_1.2_R_C","200","40","260","260","0","0","0","0","60","60"
"HHCRSP_200_40_7_1.6_R_C","200","40","260","260","0","0","0","0","60","60"
"HHCRSP_200_40_80_1.0_C_C","200","40","260","260","0","0","0","0","60","60"
"HHCRSP_200_40_82_1.0_C_R","200","40","260","260","0","0","0","0","60","60"
"HHCRSP_200_40_98_1.2_R_C","200","40","260","260","0","0","0","0","60","60"
"HHCRSP_200_40_98_1.6_C_RC","200","40","260","260","0","0","0","0","60","60"
"HHCRSP_25_5_21_1.6_R_RC","25","5","33","29","0","0","0","0","8","6"
"HHCRSP_25_5_22_1.0_C_C","25","5","33","20","0","0","0","0","8","4"
"HHCRSP_25_5_26_0.8_C_C","25","5","33","20","0","0","0","0","8","3"
"HHCRSP_25_5_37_0.8_R_RC","25","5","33","19","0","0","0","0","8","3"
"HHCRSP_25_5_37_1.0_R_RC","25","5","33","19","0","0","0","0","8","3"
"HHCRSP_25_5_42_0.8_C_RC","25","5","33","25","0","0","0","0","8","5"
"HHCRSP_25_5_42_0.8_R_RC","25","5","33","23","0","0","0","0","8","6"
"HHCRSP_25_5_47_0.8_R_C","25","5","33","24","0","0","0","0","8","6"
"HHCRSP_25_5_48_1.0_C_C","25","5","33","30","0","0","0","0","8","7"
"HHCRSP_25_5_49_0.4_C_C","25","5","33","28","0","0","0","0","8","6"
"HHCRSP_25_5_56_0.8_R_RC","25","5","33","28","0","0","0","0","8","6"
"HHCRSP_25_5_69_1.6_R_C","25","5","33","19","0","0","0","0","8","4"
"HHCRSP_25_5_69_1.6_R_RC","25","5","33","22","0","0","0","0","8","5"
"HHCRSP_25_5_6_0.8_R_C","25","5","33","25","0","0","0","0","8","5"
"HHCRSP_25_5_70_1.0_R_C","25","5","33","32","0","0","0","0","8","8"
"HHCRSP_25_5_73_0.4_R_RC","25","5","33","31","0","0","0","0","8","7"
"HHCRSP_25_5_76_1.2_C_C","25","5","33","27","0","0","0","0","8","6"
"HHCRSP_25_5_80_0.8_C_RC","25","5","33","28","0","0","0","0","8","7"
"HHCRSP_25_5_96_0.8_R_C","25","5","33","24","0","0","0","0","8","5"
"HHCRSP_25_5_97_1.0_R_R","25","5","33","29","0","0","0","0","8","7"
"HHCRSP_300_60_22_1.2_R_C","300","60","390","390","0","0","0","0","90","90"
"HHCRSP_300_60_23_1.2_R_C","300","60","390","390","0","0","0","0","90","90"
"HHCRSP_300_60_26_0.4_C_RC","300","60","390","390","0","0","0","0","90","90"
"HHCRSP_300_60_34_1.2_R_C","300","60","390","390","0","0","0","0","90","90"
"HHCRSP_300_60_45_1.6_C_C","300","60","390","390","0","0","0","0","90","90"
"HHCRSP_300_60_46_0.4_R_C","300","60","390","390","0","0","0","0","90","90"
"HHCRSP_300_60_48_0.8_C_C","300","60","390","390","0","0","0","0","90","90"
"HHCRSP_300_60_4_1.0_R_C","300","60","390","390","0","0","0","0","90","90"
"HHCRSP_300_60_4_1.6_R_C","300","60","390","390","0","0","0","0","90","90"
"HHCRSP_300_60_68_0.8_C_RC","300","60","390","390","0","0","0","0","90","90"
"HHCRSP_300_60_69_1.0_R_C","300","60","390","390","0","0","0","0","90","90"
"HHCRSP_300_60_73_0.8_R_RC","300","60","390","390","0","0","0","0","90","90"
"HHCRSP_300_60_75_1.2_C_RC","300","60","390","390","0","0","0","0","90","90"
"HHCRSP_300_60_7_1.2_R_RC","300","60","390","390","0","0","0","0","90","90"
"HHCRSP_300_60_81_0.8_C_C","300","60","390","390","0","0","0","0","90","90"
"HHCRSP_300_60_81_1.6_R_C","300","60","390","390","0","0","0","0","90","90"
"HHCRSP_300_60_82_1.2_R_C","300","60","390","390","0","0","0","0","90","90"
"HHCRSP_300_60_85_1.2_R_C","300","60","390","390","0","0","0","0","90","90"
"HHCRSP_300_60_89_1.6_R_C","300","60","390","390","0","0","0","0","90","90"
"HHCRSP_300_60_95_1.2_R_C","300","60","390","390","0","0","0","0","90","90"
"HHCRSP_400_80_16_1.2_R_C","400","80","520","520","0","0","0","0","120","120"
"HHCRSP_400_80_20_0.4_C_RC","400","80","520","520","0","0","0","0","120","120"
"HHCRSP_400_80_22_1.6_C_C","400","80","520","520","0","0","0","0","120","120"
"HHCRSP_400_80_28_1.2_R_C","400","80","520","520","0","0","0","0","120","120"
"HHCRSP_400_80_30_1.6_R_C","400","80","520","520","0","0","0","0","120","120"
"HHCRSP_400_80_33_1.0_C_RC","400","80","520","520","0","0","0","0","120","120"
"HHCRSP_400_80_34_1.0_R_C","400","80","520","520","0","0","0","0","120","120"
"HHCRSP_400_80_45_0.4_C_C","400","80","520","520","0","0","0","0","120","120"
"HHCRSP_400_80_51_1.0_R_C","400","80","520","520","0","0","0","0","120","120"
"HHCRSP_400_80_54_1.2_C_RC","400","80","520","520","0","0","0","0","120","120"
"HHCRSP_400_80_59_1.0_R_C","400","80","520","520","0","0","0","0","120","120"
"HHCRSP_400_80_60_0.8_C_C","400","80","520","520","0","0","0","0","120","120"
"HHCRSP_400_80_61_0.4_C_RC","400","80","520","520","0","0","0","0","120","120"
"HHCRSP_400_80_65_1.0_C_R","400","80","520","520","0","0","0","0","120","120"
"HHCRSP_400_80_77_1.2_R_RC","400","80","520","520","0","0","0","0","120","120"
"HHCRSP_400_80_81_1.6_R_C","400","80","520","520","0","0","0","0","120","120"
"HHCRSP_400_80_91_1.2_R_C","400","80","520","520","0","0","0","0","120","120"
"HHCRSP_400_80_92_1.6_R_C","400","80","520","520","0","0","0","0","120","120"
"HHCRSP_400_80_95_1.0_C_R","400","80","520","520","0","0","0","0","120","120"
"HHCRSP_400_80_97_1.6_R_C","400","80","520","520","0","0","0","0","120","120"
"HHCRSP_50_10_100_1.6_C_C","50","10","66","66","0","0","0","0","16","16"
"HHCRSP_50_10_26_1.0_C_RC","50","10","66","57","0","0","0","0","16","12"
"HHCRSP_50_10_26_1.2_R_C","50","10","66","64","0","0","0","0","16","15"
"HHCRSP_50_10_2_1.0_C_R","50","10","66","61","0","0","0","0","16","14"
"HHCRSP_50_10_32_1.2_R_C","50","10","66","60","0","0","0","0","16","13"
"HHCRSP_50_10_33_0.4_R_RC","50","10","66","63","0","0","0","0","16","15"
"HHCRSP_50_10_3_0.8_R_C","50","10","66","58","0","0","0","0","16","14"
"HHCRSP_50_10_3_1.6_C_C","50","10","66","62","0","0","0","0","16","14"
"HHCRSP_50_10_44_1.6_R_C","50","10","66","66","0","0","0","0","16","16"
"HHCRSP_50_10_53_1.2_R_C","50","10","66","66","0","0","0","0","16","16"
"HHCRSP_50_10_60_0.4_C_RC","50","10","66","64","0","0","0","0","16","15"
"HHCRSP_50_10_61_1.0_R_RC","50","10","66","66","0","0","0","0","16","16"
"HHCRSP_50_10_62_1.2_R_C","50","10","66","66","0","0","0","0","16","16"
"HHCRSP_50_10_74_1.0_R_RC","50","10","66","59","0","0","0","0","16","14"
"HHCRSP_50_10_80_0.4_C_C","50","10","66","54","0","0","0","0","16","11"
"HHCRSP_50_10_80_1.0_C_C","50","10","66","58","0","0","0","0","16","13"
"HHCRSP_50_10_80_1.0_C_RC","50","10","66","56","0","0","0","0","16","13"
"HHCRSP_50_10_81_1.0_R_RC","50","10","66","56","0","0","0","0","16","13"
"HHCRSP_50_10_88_1.6_C_RC","50","10","66","64","0","0","0","0","16","15"
"HHCRSP_50_10_97_0.8_C_RC","50","10","66","54","0","0","0","0","16","11"
"HHCRSP_75_15_10_1.6_R_C","75","15","99","99","0","0","0","0","24","24"
"HHCRSP_75_15_19_0.8_R_C","75","15","99","99","0","0","0","0","24","24"
"HHCRSP_75_15_21_1.6_R_C","75","15","99","99","0","0","0","0","24","24"
"HHCRSP_75_15_30_1.0_R_C","75","15","99","99","0","0","0","0","24","24"
"HHCRSP_75_15_32_1.2_R_RC","75","15","99","99","0","0","0","0","24","24"
"HHCRSP_75_15_35_0.8_R_C","75","15","99","90","0","0","0","0","24","20"
"HHCRSP_75_15_35_1.0_C_RC","75","15","99","87","0","0","0","0","24","19"
"HHCRSP_75_15_40_0.8_R_RC","75","15","99","99","0","0","0","0","24","24"
"HHCRSP_75_15_5_0.8_C_RC","75","15","99","99","0","0","0","0","24","24"
"HHCRSP_75_15_63_0.4_R_C","75","15","99","99","0","0","0","0","24","24"
"HHCRSP_75_15_63_1.0_R_RC","75","15","99","97","0","0","0","0","24","23"
"HHCRSP_75_15_65_1.0_C_C","75","15","99","99","0","0","0","0","24","24"
"HHCRSP_75_15_79_1.2_R_C","75","15","99","99","0","0","0","0","24","24"
"HHCRSP_75_15_84_0.8_R_RC","75","15","99","99","0","0","0","0","24","24"
"HHCRSP_75_15_87_1.6_C_C","75","15","99","97","0","0","0","0","24","24"
"HHCRSP_75_15_88_1.6_R_C","75","15","99","98","0","0","0","0","24","24"
"HHCRSP_75_15_97_0.4_C_C","75","15","99","96","0","0","0","0","24","23"
"HHCRSP_75_15_97_1.0_C_C","75","15","99","89","0","0","0","0","24","20"
"HHCRSP_75_15_97_1.0_R_RC","75","15","99","87","0","0","0","0","24","19"
"HHCRSP_75_15_98_1.6_R_C","75","15","99","99","0","0","0","0","24","24"
"instance_000-cosenza-r26-p299-s4-sim1.6-seq5.7","299","42","319","296","0","0","0","0","20","20"
"instance_001-florence-r19-p165-s3-sim20.3-seq22.1","165","24","234","206","0","0","0","0","69","62"
"instance_002-venice-r11-p229-s4-sim23.9-seq24.1","229","33","338","301","0","0","0","0","109","94"
"instance_003-rome-r19-p44-s4-sim22.3-seq22.9","44","8","63","52","0","0","0","0","19","15"
"instance_004-venice-padua-treviso-r26-p258-s3-sim14.0-seq4.2","258","30","304","270","0","0","0","0","46","37"
"instance_005-macerata-r29-p212-s2-sim9.1-seq7.4","212","28","246","229","0","0","0","0","34","32"
"instance_006-cosenza-r30-p213-s5-sim20.5-seq8.4","213","30","273","231","0","0","0","0","60","47"
"instance_007-venice-r29-p297-s3-sim2.9-seq7.1","297","45","326","321","0","0","0","0","29","29"
"instance_008-cesena-r32-p247-s4-sim12.3-seq20.5","247","36","327","291","0","0","0","0","80","71"
"instance_009-reggio-emilia-r15-p55-s2-sim21.7-seq7.6","55","7","70","59","0","0","0","0","15","14"
"instance_010-milan-r15-p76-s2-sim17.7-seq13.7","76","10","99","78","0","0","0","0","23","17"
"instance_011-perugia-r33-p181-s4-sim5.3-seq11.4","181","27","210","183","0","0","0","0","29","25"
"instance_012-cesena-r37-p130-s2-sim4.0-seq20.9","130","21","162","144","0","0","0","0","32","28"
"instance_013-macerata-r15-p131-s5-sim22.9-seq13.2","131","18","177","152","0","0","0","0","46","37"
"instance_014-perugia-r29-p213-s3-sim20.1-seq22.5","213","33","303","263","0","0","0","0","90","76"
"instance_015-cesena-r15-p73-s2-sim20.2-seq15.8","73","11","98","83","0","0","0","0","25","22"
"instance_016-macerata-r11-p145-s3-sim14.2-seq0.5","145","15","165","149","0","0","0","0","20","18"
"instance_017-rome-r26-p101-s3-sim9.8-seq3.7","101","13","113","108","0","0","0","0","12","12"
"instance_018-udine-r17-p356-s3-sim21.2-seq21.7","356","51","508","440","0","0","0","0","152","128"
"instance_019-cesena-r18-p203-s4-sim21.7-seq21.3","203","28","290","258","0","0","0","0","87","80"
"instance_020-cesena-r15-p78-s3-sim23.4-seq24.3","78","12","114","95","0","0","0","0","36","29"
"instance_021-florence-r26-p323-s3-sim18.1-seq12.6","323","49","421","374","0","0","0","0","98","87"
"instance_022-reggio-emilia-r29-p255-s2-sim10.7-seq15.5","255","37","321","275","0","0","0","0","66","55"
"instance_023-udine-r15-p75-s3-sim8.1-seq23.0","75","9","98","84","0","0","0","0","23","18"
"instance_024-perugia-r25-p270-s2-sim4.2-seq8.1","270","33","302","274","0","0","0","0","32","28"
"instance_025-cesena-r18-p45-s5-sim18.9-seq12.6","45","8","58","46","0","0","0","0","13","8"
"instance_026-cosenza-r17-p191-s2-sim1.3-seq18.0","191","26","227","202","0","0","0","0","36","31"
"instance_027-venice-padua-treviso-r10-p157-s4-sim24.3-seq23.8","157","29","232","204","0","0","0","0","75","66"
"instance_028-venice-padua-treviso-r32-p378-s4-sim4.6-seq14.7","378","51","450","409","0","0","0","0","72","66"
"instance_029-macerata-r21-p100-s3-sim1.5-seq2.2","100","11","103","89","0","0","0","0","3","1"
"instance_030-udine-r20-p145-s2-sim20.8-seq10.0","145","20","189","172","0","0","0","0","44","42"
"instance_031-cesena-r28-p280-s5-sim11.8-seq19.2","280","41","366","328","0","0","0","0","86","75"
"instance_032-venice-r21-p310-s5-sim0.1-seq12.4","310","48","348","338","0","0","0","0","38","37"
"instance_033-reggio-emilia-r32-p132-s5-sim16.4-seq18.5","132","25","177","159","0","0","0","0","45","39"
"instance_034-reggio-emilia-r27-p53-s3-sim6.9-seq17.3","53","8","65","59","0","0","0","0","12","12"
"instance_035-venice-r32-p299-s3-sim13.1-seq18.5","299","47","393","362","0","0","0","0","94","87"
"instance_036-udine-r12-p255-s4-sim4.2-seq4.1","255","30","275","263","0","0","0","0","20","18"
"instance_037-reggio-emilia-r40-p369-s4-sim0.3-seq22.0","369","52","451","408","0","0","0","0","82","73"
"instance_038-udine-r33-p188-s3-sim1.5-seq0.8","188","19","191","166","0","0","0","0","3","3"
"instance_039-cosenza-r16-p139-s3-sim7.9-seq9.4","139","16","163","131","0","0","0","0","24","16"
"instance_040-macerata-r31-p112-s5-sim21.4-seq1.1","112","17","136","118","0","0","0","0","24","20"
"instance_041-macerata-r36-p87-s5-sim20.7-seq14.0","87","15","117","93","0","0","0","0","30","24"
"instance_042-milan-r11-p242-s2-sim4.2-seq0.4","242","24","252","220","0","0","0","0","10","8"
"instance_043-milan-r29-p100-s4-sim7.0-seq5.0","100","12","112","90","0","0","0","0","12","8"
"instance_044-rome-r38-p152-s5-sim0.3-seq23.3","152","20","187","156","0","0","0","0","35","31"
"instance_045-perugia-r37-p392-s4-sim25.0-seq12.6","392","60","538","491","0","0","0","0","146","134"
"instance_046-venice-padua-treviso-r32-p190-s3-sim5.6-seq18.8","190","31","235","224","0","0","0","0","45","43"
"instance_047-cesena-r29-p106-s2-sim4.3-seq5.8","106","14","116","101","0","0","0","0","10","9"
"instance_048-cesena-r17-p216-s3-sim3.2-seq10.1","216","24","243","204","0","0","0","0","27","20"
"instance_049-venice-padua-treviso-r20-p363-s5-sim12.8-seq22.3","363","49","489","424","0","0","0","0","126","106"
"instance_050-rome-r14-p394-s5-sim8.4-seq1.7","394","44","433","393","0","0","0","0","39","34"
"instance_051-cesena-r23-p166-s4-sim24.1-seq5.6","166","25","214","190","0","0","0","0","48","42"
"instance_052-venice-r14-p326-s4-sim9.9-seq23.4","326","52","434","406","0","0","0","0","108","99"
"instance_053-macerata-r20-p101-s2-sim4.4-seq16.1","101","13","121","104","0","0","0","0","20","18"
"instance_054-cosenza-r13-p52-s4-sim17.7-seq7.6","52","8","64","57","0","0","0","0","12","10"
"instance_055-florence-r38-p54-s3-sim5.1-seq9.1","54","9","60","48","0","0","0","0","6","5"
"instance_056-milan-r31-p59-s5-sim4.0-seq2.2","59","7","62","51","0","0","0","0","3","2"
"instance_057-macerata-r38-p287-s4-sim11.4-seq7.7","287","45","341","308","0","0","0","0","54","49"
"instance_058-venice-r17-p128-s3-sim5.5-seq12.8","128","16","151","133","0","0","0","0","23","20"
"instance_059-macerata-r35-p207-s2-sim15.5-seq11.7","207","29","263","229","0","0","0","0","56","46"
"instance_060-venice-padua-treviso-r35-p164-s5-sim23.4-seq6.5","164","29","212","199","0","0","0","0","48","42"
"instance_061-udine-r34-p241-s2-sim11.1-seq21.9","241","32","319","274","0","0","0","0","78","66"
"instance_062-florence-r24-p47-s4-sim5.6-seq21.3","47","9","59","52","0","0","0","0","12","11"
"instance_063-venice-r33-p349-s3-sim9.0-seq21.7","349","62","455","440","0","0","0","0","106","102"
"instance_064-rome-r25-p206-s4-sim12.2-seq1.2","206","25","233","207","0","0","0","0","27","23"
"instance_065-cosenza-r30-p211-s3-sim7.1-seq24.6","211","34","276","246","0","0","0","0","65","56"
"instance_066-venice-r12-p257-s5-sim3.3-seq10.9","257","31","292","278","0","0","0","0","35","33"
"instance_067-udine-r25-p261-s4-sim0.5-seq17.4","261","32","307","271","0","0","0","0","46","42"
"instance_068-florence-r20-p347-s4-sim12.2-seq20.8","347","49","461","410","0","0","0","0","114","101"
"instance_069-udine-r31-p195-s3-sim20.3-seq24.5","195","30","281","233","0","0","0","0","86","71"
"instance_070-perugia-r18-p282-s3-sim2.0-seq8.8","282","33","311","287","0","0","0","0","29","26"
"instance_071-rome-r22-p292-s4-sim7.7-seq23.1","292","46","381","348","0","0","0","0","89","84"
"instance_072-cesena-r40-p153-s5-sim20.1-seq20.9","153","29","215","195","0","0","0","0","62","54"
"instance_073-udine-r19-p92-s4-sim10.9-seq11.6","92","12","112","90","0","0","0","0","20","16"
"instance_074-milan-r24-p241-s5-sim3.6-seq10.1","241","28","273","239","0","0","0","0","32","28"
"instance_075-cesena-r36-p283-s5-sim10.8-seq9.5","283","39","339","286","0","0","0","0","56","44"
"instance_076-florence-r26-p134-s4-sim24.1-seq19.1","134","21","191","168","0","0","0","0","57","48"
"instance_077-macerata-r38-p118-s4-sim15.5-seq15.0","118","21","153","126","0","0","0","0","35","28"
"instance_078-perugia-r29-p94-s2-sim24.4-seq18.1","94","15","133","108","0","0","0","0","39","30"
"instance_079-macerata-r19-p133-s5-sim7.2-seq8.6","133","17","153","137","0","0","0","0","20","18"
"instance_080-venice-r36-p382-s4-sim18.8-seq9.2","382","56","488","446","0","0","0","0","106","92"
"instance_081-venice-padua-treviso-r10-p206-s2-sim11.9-seq12.2","206","25","255","218","0","0","0","0","49","40"
"instance_082-cosenza-r39-p162-s3-sim18.0-seq17.6","162","24","219","184","0","0","0","0","57","47"
"instance_083-udine-r21-p63-s4-sim24.3-seq15.8","63","9","87","77","0","0","0","0","24","22"
"instance_084-venice-padua-treviso-r11-p128-s4-sim13.2-seq16.4","128","15","165","141","0","0","0","0","37","31"
"instance_085-venice-padua-treviso-r33-p114-s5-sim24.3-seq8.3","114","20","150","131","0","0","0","0","36","32"
"instance_086-cosenza-r30-p283-s2-sim11.2-seq3.2","283","41","322","292","0","0","0","0","39","35"
"instance_087-venice-r32-p386-s2-sim7.3-seq24.6","386","59","508","461","0","0","0","0","122","110"
"instance_088-venice-r25-p355-s5-sim12.7-seq17.9","355","53","463","439","0","0","0","0","108","102"
"instance_089-cesena-r19-p279-s4-sim11.6-seq5.3","279","35","325","300","0","0","0","0","46","41"
"instance_090-venice-r28-p231-s4-sim6.8-seq13.9","231","32","278","255","0","0","0","0","47","43"
"instance_091-udine-r31-p78-s4-sim16.1-seq21.4","78","13","106","88","0","0","0","0","28","22"
"instance_092-venice-r19-p92-s2-sim11.7-seq11.2","92","15","112","108","0","0","0","0","20","20"
"instance_093-rome-r10-p46-s2-sim6.4-seq11.1","46","6","53","45","0","0","0","0","7","6"
"instance_094-venice-padua-treviso-r11-p50-s3-sim1.6-seq12.2","50","5","56","48","0","0","0","0","6","4"
"instance_095-venice-r38-p196-s3-sim3.4-seq11.4","196","31","224","219","0","0","0","0","28","28"
"instance_096-cesena-r31-p124-s5-sim15.6-seq20.6","124","19","168","144","0","0","0","0","44","37"
"instance_097-macerata-r38-p55-s3-sim18.5-seq11.5","55","11","71","59","0","0","0","0","16","14"
"instance_098-rome-r20-p57-s4-sim3.4-seq2.0","57","6","59","45","0","0","0","0","2","2"
"instance_099-cosenza-r20-p358-s5-sim17.3-seq9.4","358","51","452","391","0","0","0","0","94","78"
"instance_100-venice-padua-treviso-r37-p204-s5-sim17.0-seq17.2","204","37","273","252","0","0","0","0","69","65"
"instance_101-perugia-r22-p86-s5-sim10.4-seq21.9","86","12","112","97","0","0","0","0","26","23"
"instance_102-milan-r40-p181-s4-sim1.3-seq16.3","181","27","212","198","0","0","0","0","31","30"
"instance_103-cosenza-r24-p265-s5-sim3.9-seq19.4","265","41","326","310","0","0","0","0","61","59"
"instance_104-florence-r38-p348-s2-sim21.9-seq21.6","348","62","499","479","0","0","0","0","151","144"
"instance_105-udine-r31-p60-s2-sim1.1-seq21.1","60","8","72","61","0","0","0","0","12","9"
"instance_106-florence-r21-p219-s3-sim4.0-seq0.9","219","26","228","212","0","0","0","0","9","6"
"instance_107-venice-padua-treviso-r33-p326-s4-sim3.4-seq13.1","326","47","379","356","0","0","0","0","53","50"
"instance_108-milan-r20-p145-s5-sim3.6-seq2.2","145","17","153","131","0","0","0","0","8","4"
"instance_109-reggio-emilia-r11-p48-s5-sim24.7-seq1.0","48","6","59","43","0","0","0","0","11","6"
"instance_110-venice-padua-treviso-r36-p152-s2-sim5.2-seq20.9","152","22","190","176","0","0","0","0","38","35"
"instance_111-venice-r33-p265-s2-sim1.7-seq23.6","265","38","331","292","0","0","0","0","66","55"
"instance_112-cesena-r40-p45-s5-sim24.5-seq15.2","45","11","62","52","0","0","0","0","17","12"
